image,EC_id,FFE_gsv_m,EC_FFE_m,error_m
22_37.017093_-76.433404_0_244.28.jpg,22,3.5447859295685262,3.6576000000000004,0.11281407043147418
77_36.845872_-76.310671_0_240.35.jpg,77,3.2990144618813386,3.01752,0.2814944618813384
