image,EC_id,FFE_gsv_m,EC_FFE_m,error_m
3719_36.752515_-76.280502_0_216.28.jpg,3719,2.9291072950128,2.8898088,0.03929849501280014
2577_37.073574_-76.328905_0_73.94.jpg,2577,3.320429018333334,3.3467040000000003,0.02627498166666653
3055_37.058795_-76.300362_0_266.06.jpg,3055,3.1944400871392302,3.1089599999999997,0.0854800871392305
3487_36.74242_-76.315041_0_294.09.jpg,3487,3.0789158816512407,3.2464248,0.16750891834875947
835_37.106933_-76.403887_0_318.29.jpg,835,3.6392782070000003,3.6274248,0.01185340700000026
